"reg","est"
"E GULF",1.03648592681866
"C GULF",1.02879532399125
"W GULF",1.03294519707177
"E ALEU",1.02688431210193
"C ALEU",0.992960047636098
"W ALEU",0.936974084162015
